we000,
we001,
we002,
we003,
we004,
we005,
we006,
we007,
we008,
we009,
we010,
we011,
we012,
we013,
we014,
we015,
we016,
we017,
we018,
we019,
we020,
we021,
we022,
we023,
we024,
we025,
we026,
we027,
we028,
we029,
we030,
we031,
we032,
we033,
we034,
we035,
we036,
we037,
we038,
we039,
we040,
we041,
we042,
we043,
we044,
we045,
we046,
we047,
we048,
we049,
we050,
we051,
we052,
we053,
we054,
we055,
we056,
we057,
we058,
we059,
we060,
we061,
we062,
we063,
we064,
we065,
we066,
we067,
we068,
we069,
we070,
we071,
we072,
we073,
we074,
we075,
we076,
we077,
we078,
we079,
we080,
we081,
we082,
we083,
we084,
we085,
we086,
we087,
we088,
we089,
we090,
we091,
we092,
we093,
we094,
we095,
we096,
we097,
we098,
we099,
we100,
we101,
we102,
we103,
we104,
we105,
we106,
we107,
we108,
we109,
we110,
we111,
we112,
we113,
we114,
we115,
we116,
we117,
we118,
we119,
we120,
we121,
we122,
we123,
we124,
we125,
we126,
we127,
we128,
we129,
we130,
we131,
we132,
we133,
we134,
we135,
we136,
we137,
we138,
we139,
we140,
we141,
we142,
we143,
we144,
we145,
we146,
we147,
we148,
we149,
we150,
we151,
we152,
we153,
we154,
we155,
we156,
we157,
we158,
we159,
we160,
we161,
we162,
we163,
we164,
we165,
we166,
we167,
we168,
we169,
we170,
we171,
we172,
we173,
we174,
we175,
we176,
we177,
we178,
we179,
we180,
we181,
we182,
we183,
we184,
we185,
we186,
we187,
we188,
we189,
we190,
we191,
we192,
we193,
we194,
we195,
we196,
we197,
we198,
we199,
we200,
we201,
we202,
we203,
we204,
we205,
we206,
we207,
we208,
we209,
we210,
we211,
we212,
we213,
we214,
we215,
we216,
we217,
we218,
we219,
we220,
we221,
we222,
we223,
we224,
we225,
we226,
we227,
we228,
we229,
we230,
we231,
we232,
we233,
we234,
we235,
we236,
we237,
we238,
we239,
we240,
we241,
we242,
we243,
we244,
we245,
we246,
we247,
we248,
we249,
we250,
we251,
we252,
we253,
we254,
we255,
we256,
we257,
we258,
we259,
we260,
we261,
we262,
we263,
we264,
we265,
we266,
we267,
we268,
we269,
we270,
we271,
we272,
we273,
we274,
we275,
we276,
we277,
we278,
we279,
we280,
we281,
we282,
we283,
we284,
we285,
we286,
we287,
we288,
we289,
we290,
we291,
we292,
we293,
we294,
we295,
we296,
we297,
we298,
we299,
we300,
we301,
we302,
we303,
we304,
we305,
we306,
we307,
we308,
we309,
we310,
we311,
we312,
we313,
we314,
we315,
we316,
we317,
we318,
we319,
we320,
we321,
we322,
we323,
we324,
we325,
we326,
we327,
we328,
we329,
we330,
we331,
we332,
we333,
we334,
we335,
we336,
we337,
we338,
we339,
we340,
we341,
we342,
we343,
we344,
we345,
we346,
we347,
we348,
we349,
we350,
we351,
we352,
we353,
we354,
we355,
we356,
we357,
we358,
we359,
we360,
we361,
we362,
we363,
we364,
we365,
we366,
we367,
we368,
we369,
we370,
we371,
we372,
we373,
we374,
we375,
we376,
we377,
we378,
we379,
we380,
we381,
we382,
we383,
we384,
we385,
we386,
we387,
we388,
we389,
we390,
we391,
we392,
we393,
we394,
we395,
we396,
we397,
we398,
we399,
we400,
we401,
we402,
we403,
we404,
we405,
we406,
we407,
we408,
we409,
we410,
we411,
we412,
we413,
we414,
we415,
we416,
we417,
we418,
we419,
we420,
we421,
we422,
we423,
we424,
we425,
we426,
we427,
we428,
we429,
we430,
we431,
we432,
we433,
we434,
we435,
we436,
we437,
we438,
we439,
we440,
we441,
we442,
we443,
we444,
we445,
we446,
we447,
we448,
we449,
we450,
we451,
we452,
we453,
we454,
we455,
we456,
we457,
we458,
we459,
we460,
we461,
we462,
we463,
we464,
we465,
we466,
we467,
we468,
we469,
we470,
we471,
we472,
we473,
we474,
we475,
we476,
we477,
we478,
we479,
we480,
we481,
we482,
we483,
we484,
we485,
we486,
we487,
we488,
we489,
we490,
we491,
we492,
we493,
we494,
we495,
we496,
we497,
we498,
we499,
we500,
we501,
we502,
we503,
we504,
we505,
we506,
we507,
we508,
we509,
we510,
we511,
we512,
we513,
we514,
we515,
we516,
we517,
we518,
we519,
we520,
we521,
we522,
we523,
we524,
we525,
we526,
we527,
we528,
we529,
we530,
we531,
we532,
we533,
we534,
we535,
we536,
we537,
we538,
we539,
we540,
we541,
we542,
we543,
we544,
we545,
we546,
we547,
we548,
we549,
we550,
we551,
we552,
