m_legging000,
m_legging001,
m_legging002,
m_legging003,
m_legging004,
m_legging005,
m_legging006,
m_legging007,
m_legging008,
m_legging009,
m_legging010,
m_legging011,
m_legging012,
m_legging013,
m_legging014,
m_legging015,
m_legging016,
m_legging017,
m_legging018,
m_legging019,
m_legging020,
m_legging021,
m_legging022,
m_legging023,
m_legging024,
m_legging025,
m_legging026,
m_legging027,
m_legging028,
m_legging029,
m_legging030,
m_legging031,
m_legging032,
m_legging033,
m_legging034,
m_legging035,
m_legging036,
m_legging037,
m_legging038,
m_legging039,
m_legging040,
m_legging041,
m_legging042,
m_legging043,
m_legging044,
m_legging045,
m_legging046,
m_legging047,
m_legging048,
m_legging049,
m_legging050,
m_legging051,
m_legging052,
m_legging053,
m_legging054,
m_legging055,
m_legging056,
m_legging057,
m_legging058,
m_legging059,
m_legging060,
m_legging061,
m_legging062,
m_legging063,
m_legging064,
m_legging065,
m_legging066,
m_legging067,
m_legging068,
m_legging069,
m_legging070,
m_legging071,
m_legging072,
m_legging073,
m_legging074,
m_legging075,
m_legging076,
m_legging077,
m_legging078,
m_legging079,
m_legging080,
m_legging081,
m_legging082,
m_legging083,
m_legging084,
m_legging085,
m_legging086,
m_legging087,
m_legging088,
m_legging089,
m_legging090,
m_legging091,
m_legging092,
m_legging093,
m_legging094,
m_legging095,
m_legging096,
m_legging097,
m_legging098,
m_legging099,
m_legging100,
m_legging101,
m_legging102,
m_legging103,
m_legging104,
m_legging105,
m_legging106,
m_legging107,
m_legging108,
m_legging109,
m_legging110,
m_legging111,
m_legging112,
m_legging113,
m_legging114,
m_legging115,
m_legging116,
m_legging117,
m_legging118,
m_legging119,
m_legging120,
m_legging121,
m_legging122,
m_legging123,
m_legging124,
m_legging125,
m_legging126,
m_legging127,
m_legging128,
m_legging129,
m_legging130,
m_legging131,
m_legging132,
m_legging133,
m_legging134,
m_legging135,
m_legging136,
m_legging137,
m_legging138,
m_legging139,
m_legging140,
m_legging141,
m_legging142,
m_legging143,
m_legging144,
m_legging145,
m_legging146,
m_legging147,
m_legging148,
m_legging149,
m_legging150,
m_legging151,
m_legging152,
m_legging153,
m_legging154,
m_legging155,
m_legging156,
m_legging157,
m_legging158,
m_legging159,
m_legging160,
m_legging161,
m_legging162,
m_legging163,
m_legging164,
m_legging165,
m_legging166,
m_legging167,
m_legging168,
m_legging169,
m_legging170,
m_legging171,
m_legging172,
m_legging173,
m_legging174,
m_legging175,
m_legging176,
m_legging177,
m_legging178,
m_legging179,
m_legging180,
m_legging181,
m_legging182,
m_legging183,
m_legging184,
m_legging185,
m_legging186,
m_legging187,
m_legging188,
m_legging189,
m_legging190,
m_legging191,
m_legging192,
m_legging193,
m_legging194,
m_legging195,
m_legging196,
m_legging197,
m_legging198,
m_legging199,
m_legging200,
m_legging201,
m_legging202,
m_legging203,
m_legging204,
m_legging205,
m_legging206,
m_legging207,
m_legging208,
m_legging209,
m_legging210,
m_legging211,
m_legging212,
m_legging213,
m_legging214,
m_legging215,
m_legging216,
m_legging217,
m_legging218,
m_legging219,
m_legging220,
m_legging221,
m_legging222,
m_legging223,
m_legging224,
m_legging225,
m_legging226,
m_legging227,
m_legging228,
m_legging229,
m_legging230,
m_legging231,
m_legging232,
m_legging233,
m_legging234,
m_legging235,
m_legging236,
m_legging237,
m_legging238,
m_legging239,
m_legging240,
m_legging241,
m_legging242,
m_legging243,
m_legging244,
m_legging245,
m_legging246,
m_legging247,
m_legging248,
m_legging249,
m_legging250,
m_legging251,
m_legging252,
m_legging253,
m_legging254,
m_legging255,
m_legging256,
m_legging257,
m_legging258,
m_legging259,
m_legging260,
m_legging261,
m_legging262,
m_legging263,
m_legging264,
m_legging265,
m_legging266,
m_legging267,
m_legging268,
m_legging269,
m_legging270,
m_legging271,
m_legging272,
m_legging273,
m_legging274,
m_legging275,
m_legging276,
m_legging277,
m_legging278,
m_legging279,
m_legging280,
m_legging281,
m_legging282,
m_legging283,
m_legging284,
m_legging285,
m_legging286,
m_legging287,
m_legging288,
m_legging289,
m_legging290,
m_legging291,
m_legging292,
m_legging293,
m_legging294,
m_legging295,
m_legging296,
m_legging297,
m_legging298,
m_legging299,
m_legging300,
m_legging301,
m_legging302,
m_legging303,
m_legging304,
m_legging305,
m_legging306,
m_legging307,
m_legging308,
m_legging309,
m_legging310,
m_legging311,
