f_plate000,
f_plate001,
f_plate002,
f_plate003,
f_plate004,
f_plate005,
f_plate006,
f_plate007,
f_plate008,
f_plate009,
f_plate010,
f_plate011,
f_plate012,
f_plate013,
f_plate014,
f_plate015,
f_plate016,
f_plate017,
f_plate018,
f_plate019,
f_plate020,
f_plate021,
f_plate022,
f_plate023,
f_plate024,
f_plate025,
f_plate026,
f_plate027,
f_plate028,
f_plate029,
f_plate030,
f_plate031,
f_plate032,
f_plate033,
f_plate034,
f_plate035,
f_plate036,
f_plate037,
f_plate038,
f_plate039,
f_plate040,
f_plate041,
f_plate042,
f_plate043,
f_plate044,
f_plate045,
f_plate046,
f_plate047,
f_plate048,
f_plate049,
f_plate050,
f_plate051,
f_plate052,
f_plate053,
f_plate054,
f_plate055,
f_plate056,
f_plate057,
f_plate058,
f_plate059,
f_plate060,
f_plate061,
f_plate062,
f_plate063,
f_plate064,
f_plate065,
f_plate066,
f_plate067,
f_plate068,
f_plate069,
f_plate070,
f_plate071,
f_plate072,
f_plate073,
f_plate074,
f_plate075,
f_plate076,
f_plate077,
f_plate078,
f_plate079,
f_plate080,
f_plate081,
f_plate082,
f_plate083,
f_plate084,
f_plate085,
f_plate086,
f_plate087,
f_plate088,
f_plate089,
f_plate090,
f_plate091,
f_plate092,
f_plate093,
f_plate094,
f_plate095,
f_plate096,
f_plate097,
f_plate098,
f_plate099,
f_plate100,
f_plate101,
f_plate102,
f_plate103,
f_plate104,
f_plate105,
f_plate106,
f_plate107,
f_plate108,
f_plate109,
f_plate110,
f_plate111,
f_plate112,
f_plate113,
f_plate114,
f_plate115,
f_plate116,
f_plate117,
f_plate118,
f_plate119,
f_plate120,
f_plate121,
f_plate122,
f_plate123,
f_plate124,
f_plate125,
f_plate126,
f_plate127,
f_plate128,
f_plate129,
f_plate130,
f_plate131,
f_plate132,
f_plate133,
f_plate134,
f_plate135,
f_plate136,
f_plate137,
f_plate138,
f_plate139,
f_plate140,
f_plate141,
f_plate142,
f_plate143,
f_plate144,
f_plate145,
f_plate146,
f_plate147,
f_plate148,
f_plate149,
f_plate150,
f_plate151,
f_plate152,
f_plate153,
f_plate154,
f_plate155,
f_plate156,
f_plate157,
f_plate158,
f_plate159,
f_plate160,
f_plate161,
f_plate162,
f_plate163,
f_plate164,
f_plate165,
f_plate166,
f_plate167,
f_plate168,
f_plate169,
f_plate170,
f_plate171,
f_plate172,
f_plate173,
f_plate174,
f_plate175,
f_plate176,
f_plate177,
f_plate178,
f_plate179,
f_plate180,
f_plate181,
f_plate182,
f_plate183,
f_plate184,
f_plate185,
f_plate186,
f_plate187,
f_plate188,
f_plate189,
f_plate190,
f_plate191,
f_plate192,
f_plate193,
f_plate194,
f_plate195,
f_plate196,
f_plate197,
f_plate198,
f_plate199,
f_plate200,
f_plate201,
f_plate202,
f_plate203,
f_plate204,
f_plate205,
f_plate206,
f_plate207,
f_plate208,
f_plate209,
f_plate210,
f_plate211,
f_plate212,
f_plate213,
f_plate214,
f_plate215,
f_plate216,
f_plate217,
f_plate218,
f_plate219,
f_plate220,
f_plate221,
f_plate222,
f_plate223,
f_plate224,
f_plate225,
f_plate226,
f_plate227,
f_plate228,
f_plate229,
f_plate230,
f_plate231,
f_plate232,
f_plate233,
f_plate234,
f_plate235,
f_plate236,
f_plate237,
f_plate238,
f_plate239,
f_plate240,
f_plate241,
f_plate242,
f_plate243,
f_plate244,
f_plate245,
f_plate246,
f_plate247,
f_plate248,
f_plate249,
f_plate250,
f_plate251,
f_plate252,
f_plate253,
f_plate254,
f_plate255,
f_plate256,
f_plate257,
f_plate258,
f_plate259,
f_plate260,
f_plate261,
f_plate262,
f_plate263,
f_plate264,
f_plate265,
f_plate266,
f_plate267,
f_plate268,
f_plate269,
f_plate270,
f_plate271,
f_plate272,
f_plate273,
f_plate274,
f_plate275,
f_plate276,
f_plate277,
f_plate278,
f_plate279,
f_plate280,
f_plate281,
f_plate282,
f_plate283,
f_plate284,
f_plate285,
f_plate286,
f_plate287,
f_plate288,
f_plate289,
f_plate290,
f_plate291,
f_plate292,
f_plate293,
f_plate294,
f_plate295,
f_plate296,
f_plate297,
f_plate298,
f_plate299,
f_plate300,
f_plate301,
f_plate302,
f_plate303,
f_plate304,
f_plate305,
f_plate306,
f_plate307,
f_plate308,
f_plate309,
f_plate310,
f_plate311,
f_plate312,
f_plate313,
f_plate314,
f_plate315,
f_plate316,
f_plate317,
f_plate318,
f_plate319,
f_plate320,
f_plate321,
f_plate322,
f_plate323,
f_plate324,
f_plate325,
f_plate326,
f_plate327,
f_plate328,
f_plate329,
f_plate330,
f_plate331,
f_plate332,
f_plate333,
f_plate334,
f_plate335,
f_plate336,
f_plate337,
f_plate338,
f_plate339,
