m_plate000,
m_plate001,
m_plate002,
m_plate003,
m_plate004,
m_plate005,
m_plate006,
m_plate007,
m_plate008,
m_plate009,
m_plate010,
m_plate011,
m_plate012,
m_plate013,
m_plate014,
m_plate015,
m_plate016,
m_plate017,
m_plate018,
m_plate019,
m_plate020,
m_plate021,
m_plate022,
m_plate023,
m_plate024,
m_plate025,
m_plate026,
m_plate027,
m_plate028,
m_plate029,
m_plate030,
m_plate031,
m_plate032,
m_plate033,
m_plate034,
m_plate035,
m_plate036,
m_plate037,
m_plate038,
m_plate039,
m_plate040,
m_plate041,
m_plate042,
m_plate043,
m_plate044,
m_plate045,
m_plate046,
m_plate047,
m_plate048,
m_plate049,
m_plate050,
m_plate051,
m_plate052,
m_plate053,
m_plate054,
m_plate055,
m_plate056,
m_plate057,
m_plate058,
m_plate059,
m_plate060,
m_plate061,
m_plate062,
m_plate063,
m_plate064,
m_plate065,
m_plate066,
m_plate067,
m_plate068,
m_plate069,
m_plate070,
m_plate071,
m_plate072,
m_plate073,
m_plate074,
m_plate075,
m_plate076,
m_plate077,
m_plate078,
m_plate079,
m_plate080,
m_plate081,
m_plate082,
m_plate083,
m_plate084,
m_plate085,
m_plate086,
m_plate087,
m_plate088,
m_plate089,
m_plate090,
m_plate091,
m_plate092,
m_plate093,
m_plate094,
m_plate095,
m_plate096,
m_plate097,
m_plate098,
m_plate099,
m_plate100,
m_plate101,
m_plate102,
m_plate103,
m_plate104,
m_plate105,
m_plate106,
m_plate107,
m_plate108,
m_plate109,
m_plate110,
m_plate111,
m_plate112,
m_plate113,
m_plate114,
m_plate115,
m_plate116,
m_plate117,
m_plate118,
m_plate119,
m_plate120,
m_plate121,
m_plate122,
m_plate123,
m_plate124,
m_plate125,
m_plate126,
m_plate127,
m_plate128,
m_plate129,
m_plate130,
m_plate131,
m_plate132,
m_plate133,
m_plate134,
m_plate135,
m_plate136,
m_plate137,
m_plate138,
m_plate139,
m_plate140,
m_plate141,
m_plate142,
m_plate143,
m_plate144,
m_plate145,
m_plate146,
m_plate147,
m_plate148,
m_plate149,
m_plate150,
m_plate151,
m_plate152,
m_plate153,
m_plate154,
m_plate155,
m_plate156,
m_plate157,
m_plate158,
m_plate159,
m_plate160,
m_plate161,
m_plate162,
m_plate163,
m_plate164,
m_plate165,
m_plate166,
m_plate167,
m_plate168,
m_plate169,
m_plate170,
m_plate171,
m_plate172,
m_plate173,
m_plate174,
m_plate175,
m_plate176,
m_plate177,
m_plate178,
m_plate179,
m_plate180,
m_plate181,
m_plate182,
m_plate183,
m_plate184,
m_plate185,
m_plate186,
m_plate187,
m_plate188,
m_plate189,
m_plate190,
m_plate191,
m_plate192,
m_plate193,
m_plate194,
m_plate195,
m_plate196,
m_plate197,
m_plate198,
m_plate199,
m_plate200,
m_plate201,
m_plate202,
m_plate203,
m_plate204,
m_plate205,
m_plate206,
m_plate207,
m_plate208,
m_plate209,
m_plate210,
m_plate211,
m_plate212,
m_plate213,
m_plate214,
m_plate215,
m_plate216,
m_plate217,
m_plate218,
m_plate219,
m_plate220,
m_plate221,
m_plate222,
m_plate223,
m_plate224,
m_plate225,
m_plate226,
m_plate227,
m_plate228,
m_plate229,
m_plate230,
m_plate231,
m_plate232,
m_plate233,
m_plate234,
m_plate235,
m_plate236,
m_plate237,
m_plate238,
m_plate239,
m_plate240,
m_plate241,
m_plate242,
m_plate243,
m_plate244,
m_plate245,
m_plate246,
m_plate247,
m_plate248,
m_plate249,
m_plate250,
m_plate251,
m_plate252,
m_plate253,
m_plate254,
m_plate255,
m_plate256,
m_plate257,
m_plate258,
m_plate259,
m_plate260,
m_plate261,
m_plate262,
m_plate263,
m_plate264,
m_plate265,
m_plate266,
m_plate267,
m_plate268,
m_plate269,
m_plate270,
m_plate271,
m_plate272,
m_plate273,
m_plate274,
m_plate275,
m_plate276,
m_plate277,
m_plate278,
m_plate279,
m_plate280,
m_plate281,
m_plate282,
m_plate283,
m_plate284,
m_plate285,
m_plate286,
m_plate287,
m_plate288,
m_plate289,
m_plate290,
m_plate291,
m_plate292,
m_plate293,
m_plate294,
m_plate295,
m_plate296,
m_plate297,
m_plate298,
m_plate299,
m_plate300,
m_plate301,
m_plate302,
m_plate303,
m_plate304,
m_plate305,
m_plate306,
m_plate307,
m_plate308,
m_plate309,
m_plate310,
m_plate311,
m_plate312,
m_plate313,
m_plate314,
m_plate315,
m_plate316,
m_plate317,
m_plate318,
m_plate319,
m_plate320,
m_plate321,
m_plate322,
m_plate323,
m_plate324,
m_plate325,
m_plate326,
m_plate327,
m_plate328,
m_plate329,
m_plate330,
m_plate331,
m_plate332,
m_plate333,
m_plate334,
m_plate335,
m_plate336,
m_plate337,
m_plate338,
m_plate339,
m_plate340,
m_plate341,
