m_helmet000,
m_helmet001,
m_helmet002,
m_helmet003,
m_helmet004,
m_helmet005,
m_helmet006,
m_helmet007,
m_helmet008,
m_helmet009,
m_helmet010,
m_helmet011,
m_helmet012,
m_helmet013,
m_helmet014,
m_helmet015,
m_helmet016,
m_helmet017,
m_helmet018,
m_helmet019,
m_helmet020,
m_helmet021,
m_helmet022,
m_helmet023,
m_helmet024,
m_helmet025,
m_helmet026,
m_helmet027,
m_helmet028,
m_helmet029,
m_helmet030,
m_helmet031,
m_helmet032,
m_helmet033,
m_helmet034,
m_helmet035,
m_helmet036,
m_helmet037,
m_helmet038,
m_helmet039,
m_helmet040,
m_helmet041,
m_helmet042,
m_helmet043,
m_helmet044,
m_helmet045,
m_helmet046,
m_helmet047,
m_helmet048,
m_helmet049,
m_helmet050,
m_helmet051,
m_helmet052,
m_helmet053,
m_helmet054,
m_helmet055,
m_helmet056,
m_helmet057,
m_helmet058,
m_helmet059,
m_helmet060,
m_helmet061,
m_helmet062,
m_helmet063,
m_helmet064,
m_helmet065,
m_helmet066,
m_helmet067,
m_helmet068,
m_helmet069,
m_helmet070,
m_helmet071,
m_helmet072,
m_helmet073,
m_helmet074,
m_helmet075,
m_helmet076,
m_helmet077,
m_helmet078,
m_helmet079,
m_helmet080,
m_helmet081,
m_helmet082,
m_helmet083,
m_helmet084,
m_helmet085,
m_helmet086,
m_helmet087,
m_helmet088,
m_helmet089,
m_helmet090,
m_helmet091,
m_helmet092,
m_helmet093,
m_helmet094,
m_helmet095,
m_helmet096,
m_helmet097,
m_helmet098,
m_helmet099,
m_helmet100,
m_helmet101,
m_helmet102,
m_helmet103,
m_helmet104,
m_helmet105,
m_helmet106,
m_helmet107,
m_helmet108,
m_helmet109,
m_helmet110,
m_helmet111,
m_helmet112,
m_helmet113,
m_helmet114,
m_helmet115,
m_helmet116,
m_helmet117,
m_helmet118,
m_helmet119,
m_helmet120,
m_helmet121,
m_helmet122,
m_helmet123,
m_helmet124,
m_helmet125,
m_helmet126,
m_helmet127,
m_helmet128,
m_helmet129,
m_helmet130,
m_helmet131,
m_helmet132,
m_helmet133,
m_helmet134,
m_helmet135,
m_helmet136,
m_helmet137,
m_helmet138,
m_helmet139,
m_helmet140,
m_helmet141,
m_helmet142,
m_helmet143,
m_helmet144,
m_helmet145,
m_helmet146,
m_helmet147,
m_helmet148,
m_helmet149,
m_helmet150,
m_helmet151,
m_helmet152,
m_helmet153,
m_helmet154,
m_helmet155,
m_helmet156,
m_helmet157,
m_helmet158,
m_helmet159,
m_helmet160,
m_helmet161,
m_helmet162,
m_helmet163,
m_helmet164,
m_helmet165,
m_helmet166,
m_helmet167,
m_helmet168,
m_helmet169,
m_helmet170,
m_helmet171,
m_helmet172,
m_helmet173,
m_helmet174,
m_helmet175,
m_helmet176,
m_helmet177,
m_helmet178,
m_helmet179,
m_helmet180,
m_helmet181,
m_helmet182,
m_helmet183,
m_helmet184,
m_helmet185,
m_helmet186,
m_helmet187,
m_helmet188,
m_helmet189,
m_helmet190,
m_helmet191,
m_helmet192,
m_helmet193,
m_helmet194,
m_helmet195,
m_helmet196,
m_helmet197,
m_helmet198,
m_helmet199,
m_helmet200,
m_helmet201,
m_helmet202,
m_helmet203,
m_helmet204,
m_helmet205,
m_helmet206,
m_helmet207,
m_helmet208,
m_helmet209,
m_helmet210,
m_helmet211,
m_helmet212,
m_helmet213,
m_helmet214,
m_helmet215,
m_helmet216,
m_helmet217,
m_helmet218,
m_helmet219,
m_helmet220,
m_helmet221,
m_helmet222,
m_helmet223,
m_helmet224,
m_helmet225,
m_helmet226,
m_helmet227,
m_helmet228,
m_helmet229,
m_helmet230,
m_helmet231,
m_helmet232,
m_helmet233,
m_helmet234,
m_helmet235,
m_helmet236,
m_helmet237,
m_helmet238,
m_helmet239,
m_helmet240,
m_helmet241,
m_helmet242,
m_helmet243,
m_helmet244,
m_helmet245,
m_helmet246,
m_helmet247,
m_helmet248,
m_helmet249,
m_helmet250,
m_helmet251,
m_helmet252,
m_helmet253,
m_helmet254,
m_helmet255,
m_helmet256,
m_helmet257,
m_helmet258,
m_helmet259,
m_helmet260,
m_helmet261,
m_helmet262,
m_helmet263,
m_helmet264,
m_helmet265,
m_helmet266,
m_helmet267,
m_helmet268,
m_helmet269,
m_helmet270,
m_helmet271,
m_helmet272,
m_helmet273,
m_helmet274,
m_helmet275,
m_helmet276,
m_helmet277,
m_helmet278,
m_helmet279,
m_helmet280,
m_helmet281,
m_helmet282,
m_helmet283,
m_helmet284,
m_helmet285,
m_helmet286,
m_helmet287,
m_helmet288,
m_helmet289,
m_helmet290,
m_helmet291,
m_helmet292,
m_helmet293,
m_helmet294,
m_helmet295,
m_helmet296,
m_helmet297,
m_helmet298,
m_helmet299,
m_helmet300,
m_helmet301,
m_helmet302,
m_helmet303,
m_helmet304,
m_helmet305,
m_helmet306,
m_helmet307,
m_helmet308,
m_helmet309,
m_helmet310,
m_helmet311,
m_helmet312,
m_helmet313,
