f_waist001,
f_waist002,
f_waist003,
f_waist004,
f_waist005,
f_waist006,
f_waist007,
f_waist008,
f_waist009,
f_waist010,
f_waist011,
f_waist012,
f_waist013,
f_waist014,
f_waist015,
f_waist016,
f_waist017,
f_waist018,
f_waist019,
f_waist020,
f_waist021,
f_waist022,
f_waist023,
f_waist024,
f_waist025,
f_waist026,
f_waist027,
f_waist028,
f_waist029,
f_waist030,
f_waist031,
f_waist032,
f_waist033,
f_waist034,
f_waist035,
f_waist036,
f_waist037,
f_waist038,
f_waist039,
f_waist040,
f_waist043,
f_waist044,
f_waist045,
f_waist046,
f_waist047,
f_waist048,
f_waist049,
f_waist050,
f_waist051,
f_waist052,
f_waist053,
f_waist054,
f_waist055,
f_waist056,
f_waist057,
f_waist058,
f_waist059,
f_waist060,
f_waist061,
f_waist062,
f_waist063,
f_waist064,
f_waist065,
f_waist066,
f_waist067,
f_waist068,
f_waist069,
f_waist070,
f_waist071,
f_waist072,
f_waist073,
f_waist074,
f_waist075,
f_waist076,
f_waist077,
f_waist078,
f_waist079,
f_waist080,
f_waist081,
f_waist082,
f_waist083,
f_waist084,
f_waist085,
f_waist086,
f_waist087,
f_waist088,
f_waist089,
f_waist090,
f_waist091,
f_waist092,
f_waist093,
f_waist094,
f_waist095,
f_waist096,
f_waist097,
f_waist098,
f_waist099,
f_waist100,
f_waist101,
f_waist102,
f_waist103,
f_waist104,
f_waist105,
f_waist106,
f_waist107,
f_waist108,
f_waist109,
f_waist110,
f_waist111,
f_waist112,
f_waist113,
f_waist114,
f_waist115,
f_waist116,
f_waist117,
f_waist118,
f_waist119,
f_waist120,
f_waist121,
f_waist122,
f_waist123,
f_waist124,
f_waist125,
f_waist126,
f_waist127,
f_waist128,
f_waist129,
f_waist130,
f_waist131,
f_waist132,
f_waist133,
f_waist134,
f_waist135,
f_waist136,
f_waist137,
f_waist138,
f_waist139,
f_waist140,
f_waist141,
f_waist142,
f_waist143,
f_waist144,
f_waist145,
f_waist146,
f_waist147,
f_waist148,
f_waist149,
f_waist150,
f_waist151,
f_waist152,
f_waist153,
f_waist154,
f_waist155,
f_waist156,
f_waist157,
f_waist158,
f_waist159,
f_waist160,
f_waist161,
f_waist162,
f_waist163,
f_waist164,
f_waist165,
f_waist166,
f_waist167,
f_waist168,
f_waist169,
f_waist170,
f_waist171,
f_waist172,
f_waist173,
f_waist174,
f_waist175,
f_waist176,
f_waist177,
f_waist178,
f_waist179,
f_waist180,
f_waist181,
f_waist182,
f_waist183,
f_waist184,
f_waist185,
f_waist186,
f_waist187,
f_waist188,
f_waist189,
f_waist190,
f_waist191,
f_waist192,
f_waist193,
f_waist194,
f_waist195,
f_waist196,
f_waist197,
f_waist198,
f_waist201,
f_waist202,
f_waist203,
f_waist204,
f_waist205,
f_waist206,
f_waist207,
f_waist208,
f_waist209,
f_waist210,
f_waist211,
f_waist212,
f_waist213,
f_waist214,
f_waist215,
f_waist216,
f_waist217,
f_waist218,
f_waist219,
f_waist220,
f_waist223,
f_waist224,
f_waist225,
f_waist226,
f_waist227,
f_waist228,
f_waist229,
f_waist230,
f_waist231,
f_waist232,
f_waist233,
f_waist234,
f_waist235,
f_waist236,
f_waist237,
f_waist238,
f_waist239,
f_waist240,
f_waist241,
f_waist242,
f_waist243,
f_waist244,
f_waist245,
f_waist246,
f_waist247,
f_waist248,
f_waist249,
f_waist250,
f_waist251,
f_waist252,
f_waist253,
f_waist254,
f_waist255,
f_waist256,
f_waist257,
f_waist258,
f_waist259,
f_waist260,
f_waist261,
f_waist262,
f_waist263,
f_waist264,
f_waist265,
f_waist266,
f_waist267,
f_waist268,
f_waist269,
f_waist270,
f_waist271,
f_waist272,
f_waist273,
f_waist274,
f_waist275,
f_waist276,
f_waist277,
f_waist278,
f_waist279,
f_waist280,
f_waist281,
f_waist282,
f_waist283,
f_waist284,
f_waist285,
f_waist286,
f_waist287,
f_waist288,
f_waist289,
f_waist290,
f_waist291,
f_waist292,
f_waist293,
f_waist294,
f_waist295,
