f_legging000,
f_legging001,
f_legging002,
f_legging003,
f_legging004,
f_legging005,
f_legging006,
f_legging007,
f_legging008,
f_legging009,
f_legging010,
f_legging011,
f_legging012,
f_legging013,
f_legging014,
f_legging015,
f_legging016,
f_legging017,
f_legging018,
f_legging019,
f_legging020,
f_legging021,
f_legging022,
f_legging023,
f_legging024,
f_legging025,
f_legging026,
f_legging027,
f_legging028,
f_legging029,
f_legging030,
f_legging031,
f_legging032,
f_legging033,
f_legging034,
f_legging035,
f_legging036,
f_legging037,
f_legging038,
f_legging039,
f_legging040,
f_legging041,
f_legging042,
f_legging043,
f_legging044,
f_legging045,
f_legging046,
f_legging047,
f_legging048,
f_legging049,
f_legging050,
f_legging051,
f_legging052,
f_legging053,
f_legging054,
f_legging055,
f_legging056,
f_legging057,
f_legging058,
f_legging059,
f_legging060,
f_legging061,
f_legging062,
f_legging063,
f_legging064,
f_legging065,
f_legging066,
f_legging067,
f_legging068,
f_legging069,
f_legging070,
f_legging071,
f_legging072,
f_legging073,
f_legging074,
f_legging075,
f_legging076,
f_legging077,
f_legging078,
f_legging079,
f_legging080,
f_legging081,
f_legging082,
f_legging083,
f_legging084,
f_legging085,
f_legging086,
f_legging087,
f_legging088,
f_legging089,
f_legging090,
f_legging091,
f_legging092,
f_legging093,
f_legging094,
f_legging095,
f_legging096,
f_legging097,
f_legging098,
f_legging099,
f_legging100,
f_legging101,
f_legging102,
f_legging103,
f_legging104,
f_legging105,
f_legging106,
f_legging107,
f_legging108,
f_legging109,
f_legging110,
f_legging111,
f_legging112,
f_legging113,
f_legging114,
f_legging115,
f_legging116,
f_legging117,
f_legging118,
f_legging119,
f_legging120,
f_legging121,
f_legging122,
f_legging123,
f_legging124,
f_legging125,
f_legging126,
f_legging127,
f_legging128,
f_legging129,
f_legging130,
f_legging131,
f_legging132,
f_legging133,
f_legging134,
f_legging135,
f_legging136,
f_legging137,
f_legging138,
f_legging139,
f_legging140,
f_legging141,
f_legging142,
f_legging143,
f_legging144,
f_legging145,
f_legging146,
f_legging147,
f_legging148,
f_legging149,
f_legging150,
f_legging151,
f_legging152,
f_legging153,
f_legging154,
f_legging155,
f_legging156,
f_legging157,
f_legging158,
f_legging159,
f_legging160,
f_legging161,
f_legging162,
f_legging163,
f_legging164,
f_legging165,
f_legging166,
f_legging167,
f_legging168,
f_legging169,
f_legging170,
f_legging171,
f_legging172,
f_legging173,
f_legging174,
f_legging175,
f_legging176,
f_legging177,
f_legging178,
f_legging179,
f_legging180,
f_legging181,
f_legging182,
f_legging183,
f_legging184,
f_legging185,
f_legging186,
f_legging187,
f_legging188,
f_legging189,
f_legging190,
f_legging191,
f_legging192,
f_legging193,
f_legging194,
f_legging195,
f_legging196,
f_legging197,
f_legging198,
f_legging199,
f_legging200,
f_legging201,
f_legging202,
f_legging203,
f_legging204,
f_legging205,
f_legging206,
f_legging207,
f_legging208,
f_legging209,
f_legging210,
f_legging211,
f_legging212,
f_legging213,
f_legging214,
f_legging215,
f_legging216,
f_legging217,
f_legging218,
f_legging219,
f_legging220,
f_legging221,
f_legging222,
f_legging223,
f_legging224,
f_legging225,
f_legging226,
f_legging227,
f_legging228,
f_legging229,
f_legging230,
f_legging231,
f_legging232,
f_legging233,
f_legging234,
f_legging235,
f_legging236,
f_legging237,
f_legging238,
f_legging239,
f_legging240,
f_legging241,
f_legging242,
f_legging243,
f_legging244,
f_legging245,
f_legging246,
f_legging247,
f_legging248,
f_legging249,
f_legging250,
f_legging251,
f_legging252,
f_legging253,
f_legging254,
f_legging255,
f_legging256,
f_legging257,
f_legging258,
f_legging259,
f_legging260,
f_legging261,
f_legging262,
f_legging263,
f_legging264,
f_legging265,
f_legging266,
f_legging267,
f_legging268,
f_legging269,
f_legging270,
f_legging271,
f_legging272,
f_legging273,
f_legging274,
f_legging275,
f_legging276,
f_legging277,
f_legging278,
f_legging279,
f_legging280,
f_legging281,
f_legging282,
f_legging283,
f_legging284,
f_legging285,
f_legging286,
f_legging287,
f_legging288,
f_legging289,
f_legging290,
f_legging291,
f_legging292,
f_legging293,
f_legging294,
f_legging295,
f_legging296,
f_legging297,
f_legging298,
f_legging299,
f_legging300,
f_legging301,
f_legging302,
f_legging303,
f_legging304,
f_legging305,
f_legging306,
f_legging307,
f_legging308,
f_legging309,
f_legging310,
f_legging311,
