f_helmet000,
f_helmet001,
f_helmet002,
f_helmet003,
f_helmet004,
f_helmet005,
f_helmet006,
f_helmet007,
f_helmet008,
f_helmet009,
f_helmet010,
f_helmet011,
f_helmet012,
f_helmet013,
f_helmet014,
f_helmet015,
f_helmet016,
f_helmet017,
f_helmet018,
f_helmet019,
f_helmet020,
f_helmet021,
f_helmet022,
f_helmet023,
f_helmet024,
f_helmet025,
f_helmet026,
f_helmet027,
f_helmet028,
f_helmet029,
f_helmet030,
f_helmet031,
f_helmet032,
f_helmet033,
f_helmet034,
f_helmet035,
f_helmet036,
f_helmet037,
f_helmet038,
f_helmet039,
f_helmet040,
f_helmet041,
f_helmet042,
f_helmet043,
f_helmet044,
f_helmet045,
f_helmet046,
f_helmet047,
f_helmet048,
f_helmet049,
f_helmet050,
f_helmet051,
f_helmet052,
f_helmet053,
f_helmet054,
f_helmet055,
f_helmet056,
f_helmet057,
f_helmet058,
f_helmet059,
f_helmet060,
f_helmet061,
f_helmet062,
f_helmet063,
f_helmet064,
f_helmet065,
f_helmet066,
f_helmet067,
f_helmet068,
f_helmet069,
f_helmet070,
f_helmet071,
f_helmet072,
f_helmet073,
f_helmet074,
f_helmet075,
f_helmet076,
f_helmet077,
f_helmet078,
f_helmet079,
f_helmet080,
f_helmet081,
f_helmet082,
f_helmet083,
f_helmet084,
f_helmet085,
f_helmet086,
f_helmet087,
f_helmet088,
f_helmet089,
f_helmet090,
f_helmet091,
f_helmet092,
f_helmet093,
f_helmet094,
f_helmet095,
f_helmet096,
f_helmet097,
f_helmet098,
f_helmet099,
f_helmet100,
f_helmet101,
f_helmet102,
f_helmet103,
f_helmet104,
f_helmet105,
f_helmet106,
f_helmet107,
f_helmet108,
f_helmet109,
f_helmet110,
f_helmet111,
f_helmet112,
f_helmet113,
f_helmet114,
f_helmet115,
f_helmet116,
f_helmet117,
f_helmet118,
f_helmet119,
f_helmet120,
f_helmet121,
f_helmet122,
f_helmet123,
f_helmet124,
f_helmet125,
f_helmet126,
f_helmet127,
f_helmet128,
f_helmet129,
f_helmet130,
f_helmet131,
f_helmet132,
f_helmet133,
f_helmet134,
f_helmet135,
f_helmet136,
f_helmet137,
f_helmet138,
f_helmet139,
f_helmet140,
f_helmet141,
f_helmet142,
f_helmet143,
f_helmet144,
f_helmet145,
f_helmet146,
f_helmet147,
f_helmet148,
f_helmet149,
f_helmet150,
f_helmet151,
f_helmet152,
f_helmet153,
f_helmet154,
f_helmet155,
f_helmet156,
f_helmet157,
f_helmet158,
f_helmet159,
f_helmet160,
f_helmet161,
f_helmet162,
f_helmet163,
f_helmet164,
f_helmet165,
f_helmet166,
f_helmet167,
f_helmet168,
f_helmet169,
f_helmet170,
f_helmet171,
f_helmet172,
f_helmet173,
f_helmet174,
f_helmet175,
f_helmet176,
f_helmet177,
f_helmet178,
f_helmet179,
f_helmet180,
f_helmet181,
f_helmet182,
f_helmet183,
f_helmet184,
f_helmet185,
f_helmet186,
f_helmet187,
f_helmet188,
f_helmet189,
f_helmet190,
f_helmet191,
f_helmet192,
f_helmet193,
f_helmet194,
f_helmet195,
f_helmet196,
f_helmet197,
f_helmet198,
f_helmet199,
f_helmet200,
f_helmet201,
f_helmet202,
f_helmet203,
f_helmet204,
f_helmet205,
f_helmet206,
f_helmet207,
f_helmet208,
f_helmet209,
f_helmet210,
f_helmet211,
f_helmet212,
f_helmet213,
f_helmet214,
f_helmet215,
f_helmet216,
f_helmet217,
f_helmet218,
f_helmet219,
f_helmet220,
f_helmet221,
f_helmet222,
f_helmet223,
f_helmet224,
f_helmet225,
f_helmet226,
f_helmet227,
f_helmet228,
f_helmet229,
f_helmet230,
f_helmet231,
f_helmet232,
f_helmet233,
f_helmet234,
f_helmet235,
f_helmet236,
f_helmet237,
f_helmet238,
f_helmet239,
f_helmet240,
f_helmet241,
f_helmet242,
f_helmet243,
f_helmet244,
f_helmet245,
f_helmet246,
f_helmet247,
f_helmet248,
f_helmet249,
f_helmet250,
f_helmet251,
f_helmet252,
f_helmet253,
f_helmet254,
f_helmet255,
f_helmet256,
f_helmet257,
f_helmet258,
f_helmet259,
f_helmet260,
f_helmet261,
f_helmet262,
f_helmet263,
f_helmet264,
f_helmet265,
f_helmet266,
f_helmet267,
f_helmet268,
f_helmet269,
f_helmet270,
f_helmet271,
f_helmet272,
f_helmet273,
f_helmet274,
f_helmet275,
f_helmet276,
f_helmet277,
f_helmet278,
f_helmet279,
f_helmet280,
f_helmet281,
f_helmet282,
f_helmet283,
f_helmet284,
f_helmet285,
f_helmet286,
f_helmet287,
f_helmet288,
f_helmet289,
f_helmet290,
f_helmet291,
f_helmet292,
f_helmet293,
f_helmet294,
f_helmet295,
f_helmet296,
f_helmet297,
f_helmet298,
f_helmet299,
f_helmet300,
f_helmet301,
f_helmet302,
f_helmet303,
f_helmet304,
f_helmet305,
f_helmet306,
f_helmet307,
f_helmet308,
f_helmet309,
f_helmet310,
f_helmet311,
f_helmet312,
