m_waist001,
m_waist002,
m_waist003,
m_waist004,
m_waist005,
m_waist006,
m_waist007,
m_waist008,
m_waist009,
m_waist010,
m_waist011,
m_waist012,
m_waist013,
m_waist014,
m_waist015,
m_waist016,
m_waist017,
m_waist018,
m_waist019,
m_waist020,
m_waist021,
m_waist022,
m_waist023,
m_waist024,
m_waist025,
m_waist026,
m_waist027,
m_waist028,
m_waist029,
m_waist030,
m_waist031,
m_waist032,
m_waist033,
m_waist034,
m_waist035,
m_waist036,
m_waist037,
m_waist038,
m_waist039,
m_waist044,
m_waist045,
m_waist046,
m_waist047,
m_waist048,
m_waist049,
m_waist050,
m_waist051,
m_waist052,
m_waist053,
m_waist054,
m_waist055,
m_waist056,
m_waist057,
m_waist058,
m_waist059,
m_waist060,
m_waist061,
m_waist062,
m_waist063,
m_waist064,
m_waist065,
m_waist066,
m_waist067,
m_waist068,
m_waist069,
m_waist070,
m_waist071,
m_waist072,
m_waist073,
m_waist074,
m_waist075,
m_waist076,
m_waist077,
m_waist078,
m_waist079,
m_waist080,
m_waist081,
m_waist082,
m_waist083,
m_waist084,
m_waist085,
m_waist086,
m_waist087,
m_waist088,
m_waist089,
m_waist090,
m_waist091,
m_waist092,
m_waist093,
m_waist094,
m_waist095,
m_waist096,
m_waist097,
m_waist098,
m_waist099,
m_waist100,
m_waist101,
m_waist102,
m_waist103,
m_waist104,
m_waist105,
m_waist106,
m_waist107,
m_waist108,
m_waist109,
m_waist110,
m_waist111,
m_waist112,
m_waist113,
m_waist114,
m_waist115,
m_waist116,
m_waist117,
m_waist118,
m_waist119,
m_waist120,
m_waist121,
m_waist122,
m_waist123,
m_waist124,
m_waist125,
m_waist126,
m_waist127,
m_waist128,
m_waist129,
m_waist130,
m_waist131,
m_waist132,
m_waist133,
m_waist134,
m_waist135,
m_waist136,
m_waist137,
m_waist138,
m_waist139,
m_waist140,
m_waist141,
m_waist142,
m_waist143,
m_waist144,
m_waist145,
m_waist146,
m_waist147,
m_waist148,
m_waist149,
m_waist152,
m_waist153,
m_waist154,
m_waist155,
m_waist156,
m_waist157,
m_waist158,
m_waist159,
m_waist160,
m_waist161,
m_waist162,
m_waist163,
m_waist164,
m_waist165,
m_waist166,
m_waist167,
m_waist168,
m_waist169,
m_waist170,
m_waist171,
m_waist172,
m_waist173,
m_waist174,
m_waist175,
m_waist176,
m_waist177,
m_waist178,
m_waist179,
m_waist180,
m_waist181,
m_waist182,
m_waist183,
m_waist184,
m_waist185,
m_waist186,
m_waist187,
m_waist188,
m_waist189,
m_waist190,
m_waist191,
m_waist192,
m_waist193,
m_waist194,
m_waist195,
m_waist196,
m_waist197,
m_waist198,
m_waist201,
m_waist202,
m_waist203,
m_waist204,
m_waist205,
m_waist206,
m_waist207,
m_waist208,
m_waist209,
m_waist210,
m_waist211,
m_waist212,
m_waist213,
m_waist214,
m_waist215,
m_waist216,
m_waist217,
m_waist218,
m_waist219,
m_waist220,
m_waist221,
m_waist222,
m_waist223,
m_waist224,
m_waist225,
m_waist226,
m_waist227,
m_waist228,
m_waist229,
m_waist230,
m_waist231,
m_waist232,
m_waist233,
m_waist234,
m_waist235,
m_waist236,
m_waist237,
m_waist238,
m_waist239,
m_waist240,
m_waist241,
m_waist242,
m_waist243,
m_waist244,
m_waist245,
m_waist246,
m_waist247,
m_waist248,
m_waist249,
m_waist250,
m_waist251,
m_waist252,
m_waist253,
m_waist254,
m_waist255,
m_waist256,
m_waist257,
m_waist258,
m_waist259,
m_waist260,
m_waist261,
m_waist262,
m_waist263,
m_waist264,
m_waist265,
m_waist266,
m_waist267,
m_waist268,
m_waist269,
m_waist270,
m_waist271,
m_waist272,
m_waist273,
m_waist274,
m_waist275,
m_waist276,
m_waist277,
m_waist278,
m_waist279,
m_waist280,
m_waist281,
m_waist282,
m_waist283,
m_waist284,
m_waist285,
m_waist286,
m_waist287,
m_waist288,
m_waist289,
m_waist290,
m_waist291,
m_waist292,
m_waist293,
m_waist294,
m_waist295,
m_waist296,
