m_gauntlet000,
m_gauntlet001,
m_gauntlet002,
m_gauntlet003,
m_gauntlet004,
m_gauntlet005,
m_gauntlet006,
m_gauntlet007,
m_gauntlet008,
m_gauntlet009,
m_gauntlet010,
m_gauntlet011,
m_gauntlet012,
m_gauntlet013,
m_gauntlet014,
m_gauntlet015,
m_gauntlet016,
m_gauntlet017,
m_gauntlet018,
m_gauntlet019,
m_gauntlet020,
m_gauntlet021,
m_gauntlet022,
m_gauntlet023,
m_gauntlet024,
m_gauntlet025,
m_gauntlet026,
m_gauntlet027,
m_gauntlet028,
m_gauntlet029,
m_gauntlet030,
m_gauntlet031,
m_gauntlet032,
m_gauntlet033,
m_gauntlet034,
m_gauntlet035,
m_gauntlet036,
m_gauntlet037,
m_gauntlet038,
m_gauntlet039,
m_gauntlet040,
m_gauntlet041,
m_gauntlet042,
m_gauntlet043,
m_gauntlet044,
m_gauntlet045,
m_gauntlet046,
m_gauntlet047,
m_gauntlet048,
m_gauntlet049,
m_gauntlet050,
m_gauntlet051,
m_gauntlet052,
m_gauntlet053,
m_gauntlet054,
m_gauntlet055,
m_gauntlet056,
m_gauntlet057,
m_gauntlet058,
m_gauntlet059,
m_gauntlet060,
m_gauntlet061,
m_gauntlet062,
m_gauntlet063,
m_gauntlet064,
m_gauntlet065,
m_gauntlet066,
m_gauntlet067,
m_gauntlet068,
m_gauntlet069,
m_gauntlet070,
m_gauntlet071,
m_gauntlet072,
m_gauntlet073,
m_gauntlet074,
m_gauntlet075,
m_gauntlet076,
m_gauntlet077,
m_gauntlet078,
m_gauntlet079,
m_gauntlet080,
m_gauntlet081,
m_gauntlet082,
m_gauntlet083,
m_gauntlet084,
m_gauntlet085,
m_gauntlet086,
m_gauntlet087,
m_gauntlet088,
m_gauntlet089,
m_gauntlet090,
m_gauntlet091,
m_gauntlet092,
m_gauntlet093,
m_gauntlet094,
m_gauntlet095,
m_gauntlet096,
m_gauntlet097,
m_gauntlet098,
m_gauntlet099,
m_gauntlet100,
m_gauntlet101,
m_gauntlet102,
m_gauntlet103,
m_gauntlet104,
m_gauntlet105,
m_gauntlet106,
m_gauntlet107,
m_gauntlet108,
m_gauntlet109,
m_gauntlet110,
m_gauntlet111,
m_gauntlet112,
m_gauntlet113,
m_gauntlet114,
m_gauntlet115,
m_gauntlet116,
m_gauntlet117,
m_gauntlet118,
m_gauntlet119,
m_gauntlet120,
m_gauntlet121,
m_gauntlet122,
m_gauntlet123,
m_gauntlet124,
m_gauntlet125,
m_gauntlet126,
m_gauntlet127,
m_gauntlet128,
m_gauntlet129,
m_gauntlet130,
m_gauntlet131,
m_gauntlet132,
m_gauntlet133,
m_gauntlet134,
m_gauntlet135,
m_gauntlet136,
m_gauntlet137,
m_gauntlet138,
m_gauntlet139,
m_gauntlet140,
m_gauntlet141,
m_gauntlet142,
m_gauntlet143,
m_gauntlet144,
m_gauntlet145,
m_gauntlet146,
m_gauntlet147,
m_gauntlet148,
m_gauntlet149,
m_gauntlet150,
m_gauntlet151,
m_gauntlet152,
m_gauntlet153,
m_gauntlet154,
m_gauntlet155,
m_gauntlet156,
m_gauntlet157,
m_gauntlet158,
m_gauntlet159,
m_gauntlet160,
m_gauntlet161,
m_gauntlet162,
m_gauntlet163,
m_gauntlet164,
m_gauntlet165,
m_gauntlet166,
m_gauntlet167,
m_gauntlet168,
m_gauntlet169,
m_gauntlet170,
m_gauntlet171,
m_gauntlet172,
m_gauntlet173,
m_gauntlet174,
m_gauntlet175,
m_gauntlet176,
m_gauntlet177,
m_gauntlet178,
m_gauntlet179,
m_gauntlet180,
m_gauntlet181,
m_gauntlet182,
m_gauntlet183,
m_gauntlet184,
m_gauntlet185,
m_gauntlet186,
m_gauntlet187,
m_gauntlet188,
m_gauntlet189,
m_gauntlet190,
m_gauntlet191,
m_gauntlet192,
m_gauntlet193,
m_gauntlet194,
m_gauntlet195,
m_gauntlet196,
m_gauntlet197,
m_gauntlet198,
m_gauntlet199,
m_gauntlet200,
m_gauntlet201,
m_gauntlet202,
m_gauntlet203,
m_gauntlet204,
m_gauntlet205,
m_gauntlet206,
m_gauntlet207,
m_gauntlet208,
m_gauntlet209,
m_gauntlet210,
m_gauntlet211,
m_gauntlet212,
m_gauntlet213,
m_gauntlet214,
m_gauntlet215,
m_gauntlet216,
m_gauntlet217,
m_gauntlet218,
m_gauntlet219,
m_gauntlet220,
m_gauntlet221,
m_gauntlet222,
m_gauntlet223,
m_gauntlet224,
m_gauntlet225,
m_gauntlet226,
m_gauntlet227,
m_gauntlet228,
m_gauntlet229,
m_gauntlet230,
m_gauntlet231,
m_gauntlet232,
m_gauntlet233,
m_gauntlet234,
m_gauntlet235,
m_gauntlet236,
m_gauntlet237,
m_gauntlet238,
m_gauntlet239,
m_gauntlet240,
m_gauntlet241,
m_gauntlet242,
m_gauntlet243,
m_gauntlet244,
m_gauntlet245,
m_gauntlet246,
m_gauntlet247,
m_gauntlet248,
m_gauntlet249,
m_gauntlet250,
m_gauntlet251,
m_gauntlet252,
m_gauntlet253,
m_gauntlet254,
m_gauntlet255,
m_gauntlet256,
m_gauntlet257,
m_gauntlet258,
m_gauntlet259,
m_gauntlet260,
m_gauntlet261,
m_gauntlet262,
m_gauntlet263,
m_gauntlet264,
m_gauntlet265,
m_gauntlet266,
m_gauntlet267,
m_gauntlet268,
m_gauntlet269,
m_gauntlet270,
m_gauntlet271,
m_gauntlet272,
m_gauntlet273,
m_gauntlet274,
m_gauntlet275,
m_gauntlet276,
m_gauntlet277,
m_gauntlet278,
m_gauntlet279,
m_gauntlet280,
m_gauntlet281,
m_gauntlet282,
m_gauntlet283,
m_gauntlet284,
m_gauntlet285,
m_gauntlet286,
m_gauntlet287,
m_gauntlet288,
m_gauntlet289,
m_gauntlet290,
m_gauntlet291,
m_gauntlet292,
m_gauntlet293,
m_gauntlet294,
m_gauntlet295,
m_gauntlet296,
m_gauntlet297,
m_gauntlet298,
m_gauntlet299,
m_gauntlet300,
m_gauntlet301,
m_gauntlet302,
m_gauntlet303,
m_gauntlet304,
m_gauntlet305,
m_gauntlet306,
m_gauntlet307,
m_gauntlet308,
m_gauntlet309,
m_gauntlet310,
m_gauntlet311,
m_gauntlet312,
m_gauntlet313,
m_gauntlet314,
m_gauntlet315,
m_gauntlet316,
m_gauntlet317,
m_gauntlet318,
m_gauntlet319,
m_gauntlet320,
m_gauntlet321,
m_gauntlet322,
m_gauntlet323,
m_gauntlet324,
m_gauntlet325,
m_gauntlet326,
m_gauntlet327,
m_gauntlet328,
m_gauntlet329,
m_gauntlet330,
m_gauntlet331,
m_gauntlet332,
m_gauntlet333,
m_gauntlet334,
m_gauntlet335,
m_gauntlet336,
m_gauntlet337,
