f_gauntlet000,
f_gauntlet001,
f_gauntlet002,
f_gauntlet003,
f_gauntlet004,
f_gauntlet005,
f_gauntlet006,
f_gauntlet007,
f_gauntlet008,
f_gauntlet009,
f_gauntlet010,
f_gauntlet011,
f_gauntlet012,
f_gauntlet013,
f_gauntlet014,
f_gauntlet015,
f_gauntlet016,
f_gauntlet017,
f_gauntlet018,
f_gauntlet019,
f_gauntlet020,
f_gauntlet021,
f_gauntlet022,
f_gauntlet023,
f_gauntlet024,
f_gauntlet025,
f_gauntlet026,
f_gauntlet027,
f_gauntlet028,
f_gauntlet029,
f_gauntlet030,
f_gauntlet031,
f_gauntlet032,
f_gauntlet033,
f_gauntlet034,
f_gauntlet035,
f_gauntlet036,
f_gauntlet037,
f_gauntlet038,
f_gauntlet039,
f_gauntlet040,
f_gauntlet041,
f_gauntlet042,
f_gauntlet043,
f_gauntlet044,
f_gauntlet045,
f_gauntlet046,
f_gauntlet047,
f_gauntlet048,
f_gauntlet049,
f_gauntlet050,
f_gauntlet051,
f_gauntlet052,
f_gauntlet053,
f_gauntlet054,
f_gauntlet055,
f_gauntlet056,
f_gauntlet057,
f_gauntlet058,
f_gauntlet059,
f_gauntlet060,
f_gauntlet061,
f_gauntlet062,
f_gauntlet063,
f_gauntlet064,
f_gauntlet065,
f_gauntlet066,
f_gauntlet067,
f_gauntlet068,
f_gauntlet069,
f_gauntlet070,
f_gauntlet071,
f_gauntlet072,
f_gauntlet073,
f_gauntlet074,
f_gauntlet075,
f_gauntlet076,
f_gauntlet077,
f_gauntlet078,
f_gauntlet079,
f_gauntlet080,
f_gauntlet081,
f_gauntlet082,
f_gauntlet083,
f_gauntlet084,
f_gauntlet085,
f_gauntlet086,
f_gauntlet087,
f_gauntlet088,
f_gauntlet089,
f_gauntlet090,
f_gauntlet091,
f_gauntlet092,
f_gauntlet093,
f_gauntlet094,
f_gauntlet095,
f_gauntlet096,
f_gauntlet097,
f_gauntlet098,
f_gauntlet099,
f_gauntlet100,
f_gauntlet101,
f_gauntlet102,
f_gauntlet103,
f_gauntlet104,
f_gauntlet105,
f_gauntlet106,
f_gauntlet107,
f_gauntlet108,
f_gauntlet109,
f_gauntlet110,
f_gauntlet111,
f_gauntlet112,
f_gauntlet113,
f_gauntlet114,
f_gauntlet115,
f_gauntlet116,
f_gauntlet117,
f_gauntlet118,
f_gauntlet119,
f_gauntlet120,
f_gauntlet121,
f_gauntlet122,
f_gauntlet123,
f_gauntlet124,
f_gauntlet125,
f_gauntlet126,
f_gauntlet127,
f_gauntlet128,
f_gauntlet129,
f_gauntlet130,
f_gauntlet131,
f_gauntlet132,
f_gauntlet133,
f_gauntlet134,
f_gauntlet135,
f_gauntlet136,
f_gauntlet137,
f_gauntlet138,
f_gauntlet139,
f_gauntlet140,
f_gauntlet141,
f_gauntlet142,
f_gauntlet143,
f_gauntlet144,
f_gauntlet145,
f_gauntlet146,
f_gauntlet147,
f_gauntlet148,
f_gauntlet149,
f_gauntlet150,
f_gauntlet151,
f_gauntlet152,
f_gauntlet153,
f_gauntlet154,
f_gauntlet155,
f_gauntlet156,
f_gauntlet157,
f_gauntlet158,
f_gauntlet159,
f_gauntlet160,
f_gauntlet161,
f_gauntlet162,
f_gauntlet163,
f_gauntlet164,
f_gauntlet165,
f_gauntlet166,
f_gauntlet167,
f_gauntlet168,
f_gauntlet169,
f_gauntlet170,
f_gauntlet171,
f_gauntlet172,
f_gauntlet173,
f_gauntlet174,
f_gauntlet175,
f_gauntlet176,
f_gauntlet177,
f_gauntlet178,
f_gauntlet179,
f_gauntlet180,
f_gauntlet181,
f_gauntlet182,
f_gauntlet183,
f_gauntlet184,
f_gauntlet185,
f_gauntlet186,
f_gauntlet187,
f_gauntlet188,
f_gauntlet189,
f_gauntlet190,
f_gauntlet191,
f_gauntlet192,
f_gauntlet193,
f_gauntlet194,
f_gauntlet195,
f_gauntlet196,
f_gauntlet197,
f_gauntlet198,
f_gauntlet199,
f_gauntlet200,
f_gauntlet201,
f_gauntlet202,
f_gauntlet203,
f_gauntlet204,
f_gauntlet205,
f_gauntlet206,
f_gauntlet207,
f_gauntlet208,
f_gauntlet209,
f_gauntlet210,
f_gauntlet211,
f_gauntlet212,
f_gauntlet213,
f_gauntlet214,
f_gauntlet215,
f_gauntlet216,
f_gauntlet217,
f_gauntlet218,
f_gauntlet219,
f_gauntlet220,
f_gauntlet221,
f_gauntlet222,
f_gauntlet223,
f_gauntlet224,
f_gauntlet225,
f_gauntlet226,
f_gauntlet227,
f_gauntlet228,
f_gauntlet229,
f_gauntlet230,
f_gauntlet231,
f_gauntlet232,
f_gauntlet233,
f_gauntlet234,
f_gauntlet235,
f_gauntlet236,
f_gauntlet237,
f_gauntlet238,
f_gauntlet239,
f_gauntlet240,
f_gauntlet241,
f_gauntlet242,
f_gauntlet243,
f_gauntlet244,
f_gauntlet245,
f_gauntlet246,
f_gauntlet247,
f_gauntlet248,
f_gauntlet249,
f_gauntlet250,
f_gauntlet251,
f_gauntlet252,
f_gauntlet253,
f_gauntlet254,
f_gauntlet255,
f_gauntlet256,
f_gauntlet257,
f_gauntlet258,
f_gauntlet259,
f_gauntlet260,
f_gauntlet261,
f_gauntlet262,
f_gauntlet263,
f_gauntlet264,
f_gauntlet265,
f_gauntlet266,
f_gauntlet267,
f_gauntlet268,
f_gauntlet269,
f_gauntlet270,
f_gauntlet271,
f_gauntlet272,
f_gauntlet273,
f_gauntlet274,
f_gauntlet275,
f_gauntlet276,
f_gauntlet277,
f_gauntlet278,
f_gauntlet279,
f_gauntlet280,
f_gauntlet281,
f_gauntlet282,
f_gauntlet283,
f_gauntlet284,
f_gauntlet285,
f_gauntlet286,
f_gauntlet287,
f_gauntlet288,
f_gauntlet289,
f_gauntlet290,
f_gauntlet291,
f_gauntlet292,
f_gauntlet293,
f_gauntlet294,
f_gauntlet295,
f_gauntlet296,
f_gauntlet297,
f_gauntlet298,
f_gauntlet299,
f_gauntlet300,
f_gauntlet301,
f_gauntlet302,
f_gauntlet303,
f_gauntlet304,
f_gauntlet305,
f_gauntlet306,
f_gauntlet307,
f_gauntlet308,
f_gauntlet309,
f_gauntlet310,
f_gauntlet311,
f_gauntlet312,
f_gauntlet313,
f_gauntlet314,
f_gauntlet315,
f_gauntlet316,
f_gauntlet317,
f_gauntlet318,
f_gauntlet319,
f_gauntlet320,
f_gauntlet321,
f_gauntlet322,
f_gauntlet323,
f_gauntlet324,
f_gauntlet325,
f_gauntlet326,
f_gauntlet327,
f_gauntlet328,
f_gauntlet329,
f_gauntlet330,
f_gauntlet331,
f_gauntlet332,
